id,lat,lon
2417979746,41.0373566,114.8412279
2417979753,41.0377156,114.8352519
2417979762,41.0385666,114.8323079
2417979838,41.0416912,114.8240754
2417979851,41.0422364,114.7523977
2417979857,41.0423959,114.8062176
2417979876,41.0429942,114.8335419
2417979880,41.0430341,114.8148204
2417979885,41.043074,114.7383654
2417979892,41.0434862,114.811471
2417979895,41.0435527,114.7485194
2417979901,41.0436856,114.7454697
2417979906,41.0440579,114.7427549
2417979912,41.0442307,114.7550596
2417979919,41.0448822,114.8026567
2417979923,41.0450418,114.8305098
2417979926,41.0452146,114.7717715
2417979933,41.0460389,114.7409567
2417979937,41.0460788,114.8190865
2417979940,41.0462782,114.7605244
2417979965,41.0468765,114.7946709
2417979990,41.0472886,114.7651079
2417980038,41.0481395,114.8243574
2417980039,41.0481661,114.7702025
2417980045,41.0484985,114.7993425
2417980050,41.0489106,114.836098
2417980059,41.0492828,114.7582327
2417980070,41.0496152,114.8309681
2417980077,41.0502267,114.7958168
2417980082,41.0509047,114.7716833
2417980089,41.0516492,114.8399234
2417980111,41.0528324,114.7929257
2417980114,41.052952,114.777818
2417980134,41.0539357,114.8343528
2417980141,41.0542415,114.7730231
2417980158,41.0548264,114.7502999
2417980193,41.0555044,114.7465274
2417980214,41.056076,114.7647024
2417980217,41.0572059,114.8377022
2417980220,41.057485,114.7418382
2417980224,41.0582693,114.7673643
2417980229,41.0584421,114.7802332
2417980232,41.0586282,114.7718067
2417980235,41.0595985,114.7754735
2417980240,41.0601701,114.7390352
2417980245,41.0606088,114.7360208
2417980250,41.0616489,114.8223922
2417980252,41.0627105,114.8297492
2417980257,41.0652343,114.7297097
2417980258,41.0656064,114.7330239
2417980259,41.066121,114.8273203
2417980261,41.067302,114.8209314
2417980265,41.0686766,114.7285991
2417980266,41.0687749,114.8257363
2417980269,41.0696601,114.7989018
2417980270,41.0698364,114.8304708
2417980272,41.0703169,114.7565374
2417980273,41.0703645,114.7950059
2417980274,41.0705132,114.8110399
2417980276,41.0715063,114.7647208
2417980278,41.0720258,114.805883
2417980279,41.0720391,114.8362438
2417980287,41.0741488,114.8117439
2417980288,41.0743743,114.8034541
2417980294,41.0762318,114.8143312
2417980295,41.0763115,114.8385846
2417980297,41.0772618,114.7305735
2417980299,41.0781123,114.7340992
2417980301,41.07862,114.8371414
2417980302,41.0797477,114.8502889
2417980306,41.0807958,114.8378278
2417980312,41.0830114,114.8495849
2417980314,41.0836534,114.7275062
2417980317,41.0847961,114.732971
2417980320,41.085115,114.7206839
2417980324,41.0860451,114.7374663
2417980328,41.0862881,114.8503593
2417980333,41.0873206,114.7511284
2417980334,41.0875616,114.8268451
2417980345,41.0904402,114.8293972
2417980346,41.0904545,114.7552421
2417980350,41.0908779,114.8092622
2417980352,41.0909708,114.8392006
2417980358,41.0915677,114.8131168
2417980362,41.0917583,114.7428077
2417980373,41.0921077,114.7138641
2417980380,41.0923901,114.8016412
2417980400,41.092735,114.8248915
2417980403,41.0928079,114.7462277
2417980414,41.0932219,114.7336294
2417980418,41.0932585,114.7575123
2417980430,41.0941543,114.785484
2417980433,41.0943135,114.7967483
2417980435,41.0947141,114.7230603
2417980440,41.0949396,114.7273988
2417980442,41.0960224,114.759972
2417980455,41.0979425,114.7528221
2417980463,41.0986932,114.7442533
2417980465,41.0996852,114.7299018
2417980471,41.0999903,114.7939498
2417980483,41.1011979,114.7540034
2417980516,41.1020592,114.8078984
2417980522,41.1024658,114.7408333
2417980530,41.1030158,114.8123065
2417980541,41.1034168,114.755749
2417980546,41.103558,114.7327706
2417980585,41.104168,114.7907818
2417980610,41.1046993,114.7440529
2417980650,41.1059919,114.8153745
2417980655,41.1063065,114.7487754
2417980665,41.1080004,114.7550614
2417980669,41.1082372,114.8077044
2417980676,41.1093534,114.722228
2417980679,41.1094462,114.7304826
2417980683,41.1098182,114.8006514
2417980701,41.1116249,114.811848
2417980711,41.112458,114.7441764
2417980725,41.1139813,114.7799751
2417980733,41.1152013,114.7367659
2417980735,41.1155195,114.7708404
2417980746,41.1161958,114.7819111
2417980749,41.1162479,114.7994877
2417980755,41.1172574,114.8042661
2417980761,41.1179842,114.7420605
2417980768,41.1187549,114.7577281
2417980771,41.1210487,114.7512511
2417980776,41.1214284,114.8024499
2417980783,41.1224408,114.7599809
2417980789,41.1240451,114.738614
2417980795,41.1251475,114.8016918
2417980824,41.1287734,114.8020444
2417980888,41.1346302,114.8009336
2417980966,41.1377775,114.8066112
2417981012,41.1436045,114.8067703
3522134640,40.989993,114.7932708
3522134641,40.9928689,114.7935829
3522134642,40.9971831,114.7869738
3522134643,40.997585,114.7909183
3522134644,40.9983094,114.795108
3522134645,41.001296,114.7881384
3522134646,41.0030947,114.793994
3522134647,41.0045782,114.7851293
3522134648,41.006809,114.793998
3522134649,41.0071368,114.7888555
3522134650,41.0083502,114.7701002
3522134651,41.0089371,114.7733104
3522134652,41.0089596,114.7660279
3522134653,41.0091155,114.7771141
3522134654,41.0097728,114.7903331
3522134655,41.0125784,114.7712167
3522134656,41.0130066,114.7664403
3522134657,41.0132951,114.7500339
3522134658,41.0134166,114.7773447
3522134662,41.0139405,114.7585109
3522134665,41.0151795,114.7801561
3522134666,41.0153278,114.7469968
3522134669,41.0154705,114.752402
3522134671,41.0155217,114.7559694
3522134674,41.0165474,114.7724609
3522134676,41.0169819,114.7685329
3522134684,41.0189832,114.7825023
3522134685,41.0181751,114.7620161
3522134688,41.0198111,114.7549939
3522134689,41.0197366,114.7511377
3522134690,41.0202765,114.7587643
3522134894,41.0218023,114.7600462
3522134895,41.0220148,114.5362825
3522134896,41.0220299,114.7624935
3522134902,41.0233642,114.5313932
3522134907,41.0244851,114.5436762
3522134909,41.0231572,114.7539804
3522134912,41.0253394,114.5364283
3522134913,41.02598,114.547598
3522134914,41.0270337,114.5301202
3522134916,41.0271413,114.648482
3522134921,41.0285616,114.6511422
3522134926,41.03008,114.5505041
3522134927,41.0308913,114.5365756
3522134929,41.0311519,114.5561757
3522134932,41.0319131,114.6537363
3522134933,41.0321495,114.7711714
3522134936,41.0328325,114.7746257
3522134937,41.0329067,114.7798294
3522134939,41.0339917,114.6569254
3522134943,41.0348084,114.7668002
3522134945,41.0352697,114.6405821
3522134946,41.0353572,114.6456349
3522134947,41.0356919,114.660133
3522134950,41.0362781,114.7733513
3522134955,41.0375249,114.6627057
3522134957,41.0376161,114.7936659
3522134963,41.038097,114.6480888
3522134964,41.0383146,114.6657026
3522134968,41.0390202,114.7788916
3522134972,41.0394957,114.7745117
3522134973,41.0395538,114.7615239
3522134975,41.0397051,114.7958458
3522134979,41.040012,114.8880157
3522134980,41.0400166,114.6391163
3522134983,41.0406396,114.7665021
3522134988,41.0412462,114.6718976
3522134990,41.0414726,114.8465577
3522134991,41.041508,114.8842851
3522135213,41.0421939,114.8818863
3522135214,41.0424352,114.850845
3522135227,41.0436825,114.6753177
3522135232,41.0440964,114.8524905
3522135233,41.0441353,114.6790939
3522135235,41.0442041,114.8600953
3522135236,41.0442252,114.7772748
3522135238,41.0443015,114.8770253
3522135241,41.0445119,114.8629882
3522135245,41.0448969,114.6388905
3522135248,41.0452143,114.550599
3522135249,41.0452411,114.8720273
3522135250,41.0452613,114.8890253
3522135252,41.0456086,114.8560145
3522135253,41.045845,114.51024
3522135254,41.0459236,114.6826359
3522135256,41.0460618,114.8671126
3522135258,41.046116,114.8839925
3522135259,41.0462515,114.5194847
3522135260,41.0462672,114.5147599
3522135262,41.0463619,114.5547272
3522135264,41.0465314,114.524906
3522135265,41.0465346,114.5300686
3522135271,41.0479382,114.7805681
3522135274,41.0482219,114.868287
3522135277,41.0483625,114.8783071
3522135278,41.0483739,114.8534755
3522135280,41.0487644,114.635842
3522135283,41.0490173,114.8742211
3522135286,41.0492423,114.5321796
3522135288,41.0493007,114.8944673
3522135291,41.0495497,114.6854242
3522135394,41.049896,114.8587778
3522135395,41.0499446,114.8703492
3522135398,41.0507381,114.6420452
3522135401,41.0513147,114.5354949
3522135402,41.0513933,114.5452154
3522135406,41.0519877,114.5406491
3522135407,41.0520073,114.8533716
3522135408,41.0521639,114.6357326
3522135409,41.052995,114.5622431
3522135413,41.0536898,114.6433342
3522135414,41.0538045,114.872154
3522135415,41.0539258,114.8683996
3522135417,41.0540025,114.5509226
3522135427,41.0554228,114.8763949
3522135429,41.0558985,114.6338856
3522135431,41.056678,114.8508655
3522135433,41.0568233,114.5599482
3522135437,41.0571816,114.6452316
3522135438,41.0573066,114.6644876
3522135440,41.0576636,114.878142
3522135447,41.0593266,114.8800968
3522135453,41.0601742,114.6333956
3522135454,41.0605231,114.5124127
3522135455,41.0607637,114.6743248
3522135456,41.0608799,114.6638442
3522135459,41.0613591,114.5167296
3522135463,41.0630064,114.8988576
3522135478,41.0635443,114.6340445
3522135479,41.0636533,114.8505995
3522135481,41.0638491,114.665055
3522135482,41.0643136,114.7412176
3522135483,41.0644425,114.8916399
3522135485,41.0645908,114.5234215
3522135486,41.0646414,114.7590021
3522135488,41.0650877,114.5315848
3522135491,41.0660017,114.7556685
3522135492,41.0660395,114.8547526
3522135493,41.0661419,114.6802048
3522135496,41.0665599,114.6353261
3522135498,41.0665985,114.75261
3522135499,41.0671477,114.9097951
3522135501,41.0672931,114.5338317
3522135504,41.0675092,114.5263986
3522135507,41.0678598,114.8915754
3522135508,41.0679002,114.5376786
3522135509,41.068161,114.6830546
3522135510,41.0683577,114.7502655
3522135513,41.0688672,114.6288517
3522135516,41.0693391,114.8718456
3522135518,41.0697323,114.5285983
3522135519,41.0699334,114.7462553
3522135520,41.0700252,114.6881976
3522135523,41.0701387,114.5401222
3522135524,41.0702915,114.6625851
3522135526,41.0705246,114.5549716
3522135529,41.0706704,114.5613131
3522135531,41.0709036,114.8508573
3522135537,41.0713954,114.9084358
3522135538,41.0714481,114.5431354
3522135540,41.0717294,114.8892314
3522135543,41.0720338,114.8742202
3522135549,41.0730175,114.546379
3522135551,41.0733985,114.6281114
3522135553,41.0736623,114.5611977
3522135554,41.0738417,114.6882771
3522135557,41.0742814,114.6707095
3522135560,41.074727,114.7443398
3522135563,41.074956,114.6352046
3522135569,41.0753122,114.5524166
3522135575,41.0760083,114.8883352
3522135581,41.0768415,114.851725
3522135582,41.0768985,114.688719
3522135584,41.0772155,114.672182
3522135586,41.0773916,114.8243211
3522135588,41.0778114,114.6497359
3522135993,41.0779704,114.7495264
3522135996,41.078591,114.8105952
3522135997,41.0786124,114.6276253
3522136001,41.0787762,114.6147365
3522136002,41.0788177,114.5633078
3522136003,41.0789049,114.6190865
3522136004,41.0789358,114.8896719
3522136005,41.0790445,114.6926934
3522136014,41.080403,114.6303322
3522136018,41.0808209,114.7617853
3522136020,41.0811523,114.6466895
3522136022,41.0812782,114.8021859
3522136029,41.0821303,114.7435046
3522136030,41.0821366,114.8669047
3522136031,41.0821684,114.8904921
3522136034,41.082535,114.6226976
3522136042,41.0838289,114.569052
3522136043,41.0838311,114.6475153
3522136055,41.0852436,114.5715817
3522136063,41.0861594,114.8108919
3522136067,41.0866864,114.8655156
3522136071,41.0870747,114.6480014
3522136075,41.0874931,114.9141922
3522136076,41.0874931,114.9186681
3522136077,41.0875203,114.5743147
3522136084,41.0880146,114.9241006
3522136085,41.0880711,114.7632304
3522136092,41.0891721,114.6328181
3522136595,41.0900131,114.6258133
3522136596,41.090112,114.5786542
3522136600,41.0915866,114.8642267
3522136602,41.0916969,114.8755973
3522136603,41.091727,114.8680933
3522136604,41.0918848,114.5814827
3522136606,41.0920518,114.4815772
3522136608,41.0922179,114.4766539
3522136611,41.093277,114.832271
3522136612,41.093295,114.4858898
3522136614,41.0939515,114.8599131
3522136617,41.0942668,114.6285679
3522136618,41.095055,114.5825791
3522136619,41.095065,114.8722613
3522136621,41.09571,114.4874197
3522136622,41.0957917,114.8414436
3522136625,41.0964649,114.8231082
3522136626,41.0967549,114.8141058
3522136627,41.0968617,114.6703962
3522136628,41.0969904,114.8098324
3522136629,41.096995,114.8342617
3522136631,41.0976124,114.9076713
3522136632,41.0981159,114.8618535
3522136633,41.0984331,114.868046
3522136634,41.0985559,114.820131
3522136635,41.0985653,114.890644
3522136636,41.0985894,114.9202472
3522136637,41.0987643,114.5820944
3522136638,41.099177,114.6291616
3522136639,41.0992606,114.9033234
3522136640,41.0992685,114.4785761
3522136641,41.0992902,114.8969122
3522136642,41.0993949,114.6346304
3522136643,41.0997356,114.8430016
3522136644,41.0997742,114.6653602
3522136646,41.100669,114.5858303
3522136647,41.1008347,114.5713689
3522136648,41.1008526,114.8374021
3522136649,41.102528,114.6228736
3522136651,41.1029306,114.7748902
3522136652,41.1032625,114.8252655
3522136653,41.1033178,114.8662864
3522136654,41.1036113,114.8608461
3522136655,41.1036258,114.5030624
3522136656,41.1037937,114.6262955
3522136657,41.104117,114.5864073
3522136658,41.1041755,114.5760784
3522136660,41.1044858,114.6632039
3522136661,41.1048759,114.9100058
3522136663,41.1057371,114.921823
3522136664,41.1057381,114.9047299
3522136666,41.1059255,114.831716
3522136667,41.1069143,114.8456986
3522136669,41.1077084,114.7712765
3522136670,41.1077137,114.4791172
3522136672,41.1083846,114.5847286
3522136673,41.108844,114.889125
3522136674,41.109024,114.5258976
3522136675,41.1090768,114.8272199
3522136676,41.1091914,114.6612308
3522136678,41.1093056,114.8326578
3522136680,41.1100486,114.5298262
3522136683,41.1106178,114.5344536
3522136684,41.1107664,114.5087629
3522136686,41.1109956,114.8854592
3522136687,41.1110726,114.586417
3522136688,41.1114286,114.8983257
3522136690,41.1117319,114.8344401
3522136692,41.1119357,114.9173583
3522136895,41.1122374,114.8650476
3522136896,41.1123781,114.9097395
3522136897,41.112401,114.5406083
3522136899,41.1130174,114.8816618
3522136900,41.1130724,114.544635
3522136901,41.1132694,114.837821
3522136904,41.1139227,114.6576206
3522136906,41.1143634,114.899858
3522136908,41.1150834,114.8439716
3522136912,41.116258,114.840363
3522136914,41.1164261,114.847283
3522136918,41.1174491,114.9181459
3522136919,41.1176096,114.9017203
3522136921,41.1193368,114.8137259
3522136922,41.119344,114.6556792
3522136924,41.1195516,114.9218121
3522136925,41.1198419,114.5240358
3522136927,41.1202831,114.5307296
3522136931,41.1225823,114.9002004
3522136932,41.1230519,114.8252194
3522136933,41.1231001,114.9071318
3522136935,41.1232437,114.5680271
3522136936,41.1235997,114.9275095
3522136937,41.1237079,114.8115487
3522136938,41.1240664,114.8179891
3522136939,41.1242491,114.5633556
3522136940,41.1254964,114.5683419
3522136941,41.1256956,114.5589738
3522136942,41.1260513,114.5547178
3522136943,41.1260922,114.5379876
3522136944,41.1261538,114.5430557
3522136945,41.126592,114.912557
3522136946,41.1268998,114.5642267
3522136947,41.1287005,114.5653663
3522136948,41.1290019,114.523042
3522136949,41.1292173,114.5465939
3522136950,41.1302985,114.5513787
3522136951,41.1307977,114.7479467
3522136952,41.1309505,114.5331879
3522136953,41.131793,114.7539314
3522136954,41.1323031,114.8200256
3522136955,41.1327499,114.5391006
3522136956,41.1327742,114.5224419
3522136957,41.1328316,114.5621032
3522136958,41.1335359,114.5030757
3522136959,41.134046,114.5581254
3522136961,41.134721,114.5191544
3522136962,41.1347428,114.4785652
3522136963,41.134942,114.5377945
3522136964,41.1357483,114.4670169
3522136965,41.1359368,114.5171144
3522136967,41.1372511,114.5267222
3522136968,41.1373546,114.5662484
3522136969,41.1377512,114.5487124
3522136970,41.1378768,114.4762377
3522136971,41.1379187,114.5210528
3522136972,41.1379432,114.5054313
3522136973,41.1383534,114.4664467
3522136974,41.1387726,114.5704276
3522136975,41.13954,114.5297877
3522136977,41.1405273,114.5749161
3522136978,41.1407495,114.5814874
3522136979,41.1409438,114.4656716
3522136980,41.1409717,114.4727407
3522136981,41.141581,114.5373087
3522136982,41.1418878,114.5119328
3522136984,41.1423127,114.5861252
3522136985,41.1432765,114.5715218
3522136986,41.1435253,114.4648168
3522136987,41.143798,114.5657895
3522136988,41.1441016,114.5881576
3522136989,41.1443032,114.5810905
3522136990,41.1445028,114.5332242
3522136991,41.1446446,114.5015613
3522136992,41.1449013,114.5749613
3522137294,41.1453416,114.5490123
3522137295,41.1459768,114.5614917
3522137296,41.1460832,114.4638998
3522137297,41.1463238,114.4739513
3522137298,41.1467865,114.5712364
3522137299,41.1477896,114.5850782
3522137301,41.1478228,114.5891704
3522137302,41.1480426,114.4902541
3522137303,41.1480944,114.5097827
3522137304,41.1481912,114.5370181
3522137305,41.1483248,114.5609089
3522137306,41.1484317,114.5020464
3522137307,41.1485907,114.4627684
3522137308,41.1487471,114.5484282
3522137309,41.1488184,114.6005154
3522137310,41.1488313,114.4723673
3522137311,41.1489938,114.5933319
3522137312,41.1496717,114.588736
3522137313,41.1498803,114.6068679
3522137314,41.1500135,114.4811188
3522137316,41.1506125,114.515769
3522137317,41.1511191,114.4916964
3522137318,41.1512796,114.4620002
3522137319,41.1514124,114.4709508
3522137320,41.1514561,114.5374133
3522137321,41.1515109,114.5258482
3522137322,41.1515171,114.60185
3522137323,41.1515674,114.5022623
3522137324,41.1521672,114.5662897
3522137325,41.1523362,114.6074348
3522137326,41.1523989,114.5482806
3522137327,41.1526776,114.5776291
3522137328,41.1528421,114.4817335
3522137330,41.1532905,114.6110001
3522137332,41.1535051,114.6161552
3522137333,41.1540424,114.4698697
3522137334,41.1541339,114.4923789
3522137335,41.1546766,114.6122154
3522137336,41.1549789,114.5797267
3522137337,41.1550579,114.5372843
3522137338,41.1551056,114.5617376
3522137339,41.1551092,114.5257216
3522137340,41.1555058,114.5120434
3522137341,41.1555635,114.5472598
3522137343,41.1558867,114.6017055
3522137344,41.1561966,114.4829157
3522137345,41.1562499,114.6177162
3522137346,41.1565184,114.4922285
3522137347,41.1566207,114.6137067
3522137348,41.1566402,114.5662801
3522137349,41.1567495,114.4690806
3522137350,41.1577703,114.6080406
3522137351,41.1582754,114.4818854
3522137352,41.1583632,114.5362371
3522137353,41.1584482,114.5140244
3522137354,41.1586127,114.614928
3522137355,41.1587093,114.5255816
3522137356,41.159171,114.6197379
3522137357,41.1598911,114.6160993
3522137358,41.160031,114.5587722
3522137359,41.1602317,114.5646293
3522137360,41.1604019,114.5367422
3522137361,41.1606725,114.6197293
3522137362,41.1614976,114.5519024
3522137363,41.1622658,114.6194982
3522137364,41.1623167,114.5254522
3522137365,41.1632594,114.5516546
3522137366,41.1634809,114.615791
3522137367,41.163594,114.5568177
3522137368,41.1636526,114.4898479
3522137369,41.1636703,114.5643795
3522137370,41.164642,114.4934439
3522137371,41.1654521,114.5607123
3522137372,41.1655286,114.4885779
3522137373,41.1660093,114.6172382
3522137374,41.167381,114.6143861
3522137375,41.1682749,114.4913251
3522137376,41.1683754,114.5631355
3522137377,41.168661,114.6154079
3522137378,41.1688826,114.4956837
3522137379,41.1703594,114.616039
3522137380,41.1705818,114.4846627
3522137381,41.1725408,114.4832705
3522137382,41.1725915,114.6165898
3522137383,41.1727193,114.6212591
3522137384,41.1727942,114.4889896
3522137385,41.1729107,114.4936896
3522137386,41.1741322,114.6190585
3522137387,41.1749177,114.6237722
3522137388,41.1753937,114.4850118
3522137389,41.1762756,114.6199816
3522137390,41.1769448,114.6228591
3522137391,41.1773149,114.4803195
3522137392,41.1787866,114.4851554
3522137593,41.1790567,114.4773965
3522137596,41.1813842,114.4814399
3522137597,41.182029,114.4871866
3522137599,41.1830299,114.4737306
3522137601,41.1853497,114.4703769
3522137602,41.1854182,114.4728474
3522137604,41.1855201,114.482135
3522137606,41.1868408,114.4746029
3522137607,41.1868474,114.4778705
3522137608,41.1872593,114.4829529
3522137610,41.1890365,114.4805875
3522137615,41.1932612,114.4786408
3522137620,41.1962169,114.476493
3522137621,41.1968108,114.4805777
3522137622,41.1968734,114.4727782
3522137623,41.1976794,114.5016955
3522137627,41.1986156,114.5064269
3522137628,41.1990268,114.4798632
3522137629,41.1998165,114.4753061
3522137632,41.2004305,114.5021212
3522137633,41.2005112,114.4715272
3522137634,41.2010291,114.5086698
3522137635,41.2017724,114.4846441
3522137636,41.2019475,114.4791017
3522137637,41.2020219,114.4727205
3522137639,41.2025194,114.4953846
3522137643,41.2035103,114.5008202
3522137645,41.2041307,114.4890379
3522137646,41.2044876,114.4736745
3522137652,41.2067369,114.4927923
3522137653,41.2067392,114.4990805
3522137656,41.2076223,114.4963642
3522137658,41.2082411,114.485224
3522137659,41.2082796,114.505057
3522137660,41.2083298,114.4754994
3522137663,41.2105299,114.5026541
3522137665,41.2111022,114.4864084
3522137666,41.2119728,114.4927046
3522137667,41.2122298,114.4968531
3522137668,41.2126458,114.4895355
3522137671,41.2139274,114.4862042
3522137673,41.2150589,114.5029942
3522137674,41.2160136,114.4942773
3522137677,41.2185153,114.5024681
3522137678,41.2185359,114.4947618
3523556290,41.0162279,114.7921447
3523556310,41.0199655,114.7915783
3523556425,41.0535031,114.7552068
3523712601,41.0593576,114.5218565
3526042188,41.1768773,114.4907306
3658886067,41.0989491,114.7173669
5073956457,41.0179112,114.7574676
5132465875,41.0235739,114.7490047
6429858577,41.0125574,114.7614147
6429858578,41.0481303,114.7496572
6520987485,41.1230127,114.5351596
6520987494,41.1042128,114.4691479
6572596413,41.1261668,114.4972692
6572596414,41.1224289,114.5029127
6572596415,41.1221594,114.5091085
6572596416,41.1269736,114.5109461
6572596417,41.1301706,114.4996441
6572596418,41.1301461,114.4918059
6572596419,41.128223,114.4853499
6572596420,41.1238009,114.4853987
6886082667,41.0230713,114.7455026
6886082668,41.0245574,114.7422901
6886082669,41.0265034,114.7396045
6886082670,41.0279706,114.7361449
6886082671,41.0308617,114.7358354
6886082672,41.0249218,114.7598039
6994446142,41.2140799,114.871132
6994446143,41.2233962,114.8664659
6994446144,41.224499,114.8772822
6994446145,41.227759,114.8851143
6994446146,41.2324389,114.8691927
6994446147,41.2341979,114.8769818
6994446148,41.2347949,114.88093
6994446149,41.2413137,114.8939548
6994446150,41.2416526,114.8890196
6994446151,41.2418139,114.8785482
6994446152,41.2427659,114.8680769
6994446153,41.2537364,114.8650084
6994446154,41.2563336,114.8681198
6994446155,41.2575595,114.8727976
6994446156,41.2658825,114.8765312
6994446169,41.2241352,114.8998923
9808627871,41.2452983,114.6808041
9816226435,41.0671532,114.4974522
9816226436,41.0669153,114.4919826
9818817437,41.0594312,114.4944816
9818837840,41.0810826,114.4902416
9818837841,41.0782334,114.4874952
10168651161,41.2403689,114.6870319
10168651162,41.2387792,114.6811616
10168651163,41.2297809,114.6836791
10168651164,41.2263651,114.6823035
10168651165,41.2210518,114.6830524
10168651166,41.2196795,114.6687171
10168651167,41.2240732,114.6666243
10168651182,41.2188016,114.6811272
10168651194,41.2486312,114.6719089
10168651195,41.2424868,114.6755228
10168651196,41.2406046,114.6709275
10168651197,41.2340938,114.6706966
10168651198,41.2545402,114.6696509
10168651199,41.2523659,114.6652564
10168651200,41.2504647,114.6602342
10168651201,41.2497917,114.6557329
10172223760,41.1305378,114.465082
10196591686,41.1265292,114.5732275
10196591687,41.1277591,114.5766964
10200463253,41.1307311,114.5692023
10200463254,41.1314227,114.5864341
10200463255,41.1336879,114.5959983
10200463256,41.1383868,114.5987069
10200463257,41.1201095,114.5719198
10200463258,41.1188852,114.5668575
10200463259,41.1154233,114.5764964
10200463260,41.1159862,114.5819696
10200463261,41.1168447,114.5863034
10200463262,41.118055,114.5911228
10200463263,41.11441,114.5717143
10200463264,41.1129745,114.5664092
10200463265,41.1182098,114.5621501
10200463266,41.0658945,114.6692305
10200463267,41.1097826,114.4912519
10200463268,41.1067424,114.4738048
10200463269,41.0995557,114.4837959
11500885436,41.1145247,114.9273953
11500885438,41.102593,114.9303784
11500885462,41.2392311,114.9066536
11500885463,41.2265728,114.9031045
11513894936,41.305512,114.8157363
11513894937,41.3025733,114.8099835
11513894938,41.3065578,114.804806
11513981161,41.1975295,114.8952054
11513981162,41.1925846,114.8959032
11513981163,41.1815963,114.9188848
11513981164,41.1820404,114.9261495
11513982101,41.2195491,114.8944426
11513982102,41.2003586,114.8738878
11513982103,41.192308,114.859287
11513982104,41.1900237,114.8546904
11513982105,41.1895342,114.8507225
11513982106,41.1890039,114.8466029
11513982107,41.1906356,114.8408462
11513982108,41.2000653,114.8855439
11514008009,41.1392679,114.9112983
11514008026,41.1421186,114.8998065
11514008034,41.1455446,114.9058026
11514008050,41.1413913,114.9190972
11514008061,41.1529639,114.9222206
11514008062,41.1450792,114.9189223
11514025707,41.1347666,114.8944164
11514083940,41.1370019,114.9071096
11514083988,41.1369179,114.8156088
11514083989,41.1395918,114.8217885
11514083990,41.1210284,114.8601015
11514084007,41.115455,114.8750451
11514084008,41.1245055,114.8826517
11514084034,41.1546727,114.807994
11514084035,41.1500912,114.8161818
11514084047,41.1306381,114.8365507
11514084048,41.1298489,114.844232
11514084050,41.1336791,114.8451329
11514084056,41.1297952,114.8600109
11514084057,41.1285266,114.8682353
11514084058,41.1319117,114.8750547
11514084067,41.1385733,114.8901325
11514084068,41.1360054,114.8873843
11514084069,41.1322399,114.884672
11514084087,41.1503346,114.8738591
11514084088,41.1514234,114.8772277
11514084089,41.1553827,114.87017
11514084090,41.1552033,114.8631288
11514084091,41.1595953,114.8607954
11514084092,41.1682177,114.8560876
11514084093,41.1667395,114.8633589
11514084094,41.1729305,114.8548634
11514084095,41.1846119,114.8267478
11514084098,41.1885457,114.822467
11514084105,41.1881494,114.8376843
11514084106,41.1881896,114.8276673
11514084107,41.1875518,114.8316714
11514084112,41.1536608,114.8587763
11514084113,41.1504187,114.8542808
11514084114,41.1417074,114.8575015
11514084115,41.1396902,114.8715758
11514101257,41.1470454,114.878016
11514126042,41.1943496,114.8662132
11514126043,41.1944842,114.8636312
11514147406,41.1519339,114.82252
11514147407,41.1568181,114.8231187
11514147413,41.1553393,114.8293365
11514147421,41.1538147,114.8439464
11514147422,41.1564142,114.8360439
11514147423,41.1632427,114.8209811
11514147429,41.1405139,114.8314713
11542899008,41.1016083,114.4992714
11542899009,41.1084915,114.4962795
11542899010,41.1143654,114.5137817
11542899011,41.1167605,114.5180423
11542899012,41.1160691,114.558838
11542899013,41.1118936,114.5562508
11542899014,41.1120137,114.5610451
11961631914,41.0635088,114.6080852
11961631915,41.0604209,114.6104639
11961631916,41.0555206,114.6129408
11961631917,41.0514892,114.6139953
11961631918,41.0509344,114.6211683
11961631919,41.0472541,114.6226764
11961631920,41.0470784,114.6165947
11961631921,41.0458855,114.6092501
11961631922,41.0387091,114.6300456
11961631923,41.0350651,114.6228971
11961631924,41.0273417,114.6321914
11961631925,41.0251124,114.63972
11961631926,41.0228553,114.6364829
11961631927,41.0105322,114.6253494
11961631928,41.0216342,114.6162636
11961631929,41.0012607,114.6180538
11961631930,40.9935334,114.5863455
11961631941,41.0032965,114.5633919
11961631942,41.0111059,114.5590146
11961631943,41.0134189,114.5735322
11961631944,41.0165275,114.5734219
11961631945,41.020006,114.5737897
11961631946,41.0096995,114.5718769
11961631947,41.0261022,114.5758006
11961631948,41.0357495,114.5772843
11961631949,41.0406235,114.5760213
11961631950,41.0245482,114.5908455
11961631951,41.0204131,114.5937515
11961631952,41.0166385,114.5941316
11961631953,41.0127343,114.5941929
11961631954,41.0044346,114.6057555
11961631955,41.0090796,114.6055961
11961631956,41.0138815,114.604983
11961631957,41.0313931,114.5912379
11961631958,41.0371738,114.6027147
11961631959,41.0412708,114.5967923
11961631960,41.0461629,114.5878169
11961631961,41.0504351,114.5863946
11961631962,41.0483083,114.5802393
11961631963,41.04497,114.5789518
11961631964,41.0538748,114.5812079
11961631965,41.0561031,114.5872651
11961631966,41.0613176,114.5859532
11961631967,41.0626397,114.5920594
11961631968,41.0667444,114.5872897
11961632569,41.0556778,114.49729
11961632576,41.0727808,114.4874073
11961632577,41.0755538,114.49691
13154182495,41.1697218,114.8201534
13154182496,41.1641931,114.8569111
13180089725,41.0651743,114.6766516
13230114901,41.1509914,114.5615637
13230114902,41.1478967,114.5790853
13230114903,41.1503741,114.5829105
13230114904,41.1580472,114.6324195
13230114905,41.1619745,114.6275314
13230114906,41.1638694,114.6228015
13230114907,41.1668993,114.6231054
13230114908,41.1769033,114.6276774
13230114909,41.1800702,114.6303985
13230114910,41.179867,114.6223713
13230114911,41.1836008,114.6306275
13230114912,41.1855134,114.6225294
13230114913,41.1877095,114.6279646
13230114914,41.1917631,114.6249126
13230114915,41.1920742,114.6188086
13230114916,41.1955969,114.6169726
13230114917,41.1959354,114.6238669
13230114918,41.1982044,114.6277701
13230114919,41.193767,114.6304816
13230114920,41.2011595,114.6249734
13230114921,41.2026325,114.6305181
13230114922,41.1996774,114.6326581
13230114923,41.1962282,114.6354183
13230114924,41.1934925,114.6391148
13230114925,41.1909122,114.6426288
13230114926,41.2017633,114.6366221
13230114927,41.2019006,114.6421667
13230114928,41.1539535,114.6268217
13230114962,41.1467792,114.8402128
13374995521,41.1494592,114.800012
13374995522,41.1450269,114.7941374
